threshold,precision,recall,f1,missed_fraud_amount,false_alarms,total_cost
0.02,0.525,0.8513513513513513,0.6494845360824743,2177.5099999999998,57,2462.5099999999998
0.03,0.6,0.8513513513513513,0.7039106145251397,2177.5099999999998,42,2387.5099999999998
0.04,0.6774193548387096,0.8513513513513513,0.7544910179640718,2177.5099999999998,30,2327.5099999999998
0.05,0.7,0.8513513513513513,0.7682926829268293,2177.5099999999998,27,2312.5099999999998
0.06,0.7176470588235294,0.8243243243243243,0.7672955974842768,2283.3199999999993,24,2403.3199999999993
0.07,0.7176470588235294,0.8243243243243243,0.7672955974842768,2283.3199999999993,24,2403.3199999999993
0.08,0.7261904761904762,0.8243243243243243,0.7721518987341772,2283.3199999999993,23,2398.3199999999993
0.09,0.7349397590361446,0.8243243243243243,0.7770700636942676,2283.3199999999993,22,2393.3199999999993
0.1,0.7439024390243902,0.8243243243243243,0.782051282051282,2283.3199999999993,21,2388.3199999999993
0.11,0.75,0.8108108108108109,0.7792207792207793,2287.1099999999997,20,2387.1099999999997
0.12,0.75,0.8108108108108109,0.7792207792207793,2287.1099999999997,20,2387.1099999999997
0.13,0.75,0.8108108108108109,0.7792207792207793,2287.1099999999997,20,2387.1099999999997
0.14,0.7692307692307693,0.8108108108108109,0.7894736842105263,2287.1099999999997,18,2377.1099999999997
0.15,0.7692307692307693,0.8108108108108109,0.7894736842105263,2287.1099999999997,18,2377.1099999999997
0.16,0.7894736842105263,0.8108108108108109,0.8,2287.1099999999997,16,2367.1099999999997
0.17,0.7866666666666666,0.7972972972972973,0.7919463087248322,2290.3299999999995,16,2370.3299999999995
0.18,0.7866666666666666,0.7972972972972973,0.7919463087248322,2290.3299999999995,16,2370.3299999999995
0.19,0.7866666666666666,0.7972972972972973,0.7919463087248322,2290.3299999999995,16,2370.3299999999995
0.2,0.7972972972972973,0.7972972972972973,0.7972972972972973,2290.3299999999995,15,2365.3299999999995
0.21,0.8082191780821918,0.7972972972972973,0.8027210884353742,2290.3299999999995,14,2360.3299999999995
0.22,0.8169014084507042,0.7837837837837838,0.8,2390.32,13,2455.32
0.23,0.8169014084507042,0.7837837837837838,0.8,2390.32,13,2455.32
0.24,0.8169014084507042,0.7837837837837838,0.8,2390.32,13,2455.32
0.25,0.8169014084507042,0.7837837837837838,0.8,2390.32,13,2455.32
0.26,0.8285714285714286,0.7837837837837838,0.8055555555555556,2390.32,12,2450.32
0.27,0.8285714285714286,0.7837837837837838,0.8055555555555556,2390.32,12,2450.32
0.28,0.8405797101449275,0.7837837837837838,0.8111888111888111,2390.32,11,2445.32
0.29,0.8405797101449275,0.7837837837837838,0.8111888111888111,2390.32,11,2445.32
0.3,0.8529411764705882,0.7837837837837838,0.8169014084507042,2390.32,10,2440.32
0.31,0.8529411764705882,0.7837837837837838,0.8169014084507042,2390.32,10,2440.32
0.32,0.8529411764705882,0.7837837837837838,0.8169014084507042,2390.32,10,2440.32
0.33,0.8529411764705882,0.7837837837837838,0.8169014084507042,2390.32,10,2440.32
0.34,0.8529411764705882,0.7837837837837838,0.8169014084507042,2390.32,10,2440.32
0.35,0.8656716417910447,0.7837837837837838,0.8226950354609929,2390.32,9,2435.32
0.36,0.8656716417910447,0.7837837837837838,0.8226950354609929,2390.32,9,2435.32
0.37,0.8656716417910447,0.7837837837837838,0.8226950354609929,2390.32,9,2435.32
0.38,0.8656716417910447,0.7837837837837838,0.8226950354609929,2390.32,9,2435.32
0.39,0.8656716417910447,0.7837837837837838,0.8226950354609929,2390.32,9,2435.32
0.4,0.8787878787878788,0.7837837837837838,0.8285714285714286,2390.32,8,2430.32
0.41,0.8787878787878788,0.7837837837837838,0.8285714285714286,2390.32,8,2430.32
0.42,0.8787878787878788,0.7837837837837838,0.8285714285714286,2390.32,8,2430.32
0.43,0.8923076923076924,0.7837837837837838,0.8345323741007195,2390.32,7,2425.32
0.44,0.8923076923076924,0.7837837837837838,0.8345323741007195,2390.32,7,2425.32
0.45,0.8923076923076924,0.7837837837837838,0.8345323741007195,2390.32,7,2425.32
0.46,0.8923076923076924,0.7837837837837838,0.8345323741007195,2390.32,7,2425.32
0.47,0.8923076923076924,0.7837837837837838,0.8345323741007195,2390.32,7,2425.32
0.48,0.8923076923076924,0.7837837837837838,0.8345323741007195,2390.32,7,2425.32
0.49,0.8923076923076924,0.7837837837837838,0.8345323741007195,2390.32,7,2425.32
0.5,0.8923076923076924,0.7837837837837838,0.8345323741007195,2390.32,7,2425.32
0.51,0.8923076923076924,0.7837837837837838,0.8345323741007195,2390.32,7,2425.32
0.52,0.8923076923076924,0.7837837837837838,0.8345323741007195,2390.32,7,2425.32
0.53,0.8923076923076924,0.7837837837837838,0.8345323741007195,2390.32,7,2425.32
0.54,0.8923076923076924,0.7837837837837838,0.8345323741007195,2390.32,7,2425.32
0.55,0.8923076923076924,0.7837837837837838,0.8345323741007195,2390.32,7,2425.32
0.56,0.8923076923076924,0.7837837837837838,0.8345323741007195,2390.32,7,2425.32
0.57,0.8923076923076924,0.7837837837837838,0.8345323741007195,2390.32,7,2425.32
0.58,0.8923076923076924,0.7837837837837838,0.8345323741007195,2390.32,7,2425.32
0.59,0.8923076923076924,0.7837837837837838,0.8345323741007195,2390.32,7,2425.32
0.6,0.8923076923076924,0.7837837837837838,0.8345323741007195,2390.32,7,2425.32
0.61,0.8923076923076924,0.7837837837837838,0.8345323741007195,2390.32,7,2425.32
0.62,0.8923076923076924,0.7837837837837838,0.8345323741007195,2390.32,7,2425.32
0.63,0.8923076923076924,0.7837837837837838,0.8345323741007195,2390.32,7,2425.32
0.64,0.8923076923076924,0.7837837837837838,0.8345323741007195,2390.32,7,2425.32
0.65,0.8923076923076924,0.7837837837837838,0.8345323741007195,2390.32,7,2425.32
0.66,0.90625,0.7837837837837838,0.8405797101449275,2390.32,6,2420.32
0.67,0.90625,0.7837837837837838,0.8405797101449275,2390.32,6,2420.32
0.68,0.90625,0.7837837837837838,0.8405797101449275,2390.32,6,2420.32
0.69,0.9193548387096774,0.7702702702702703,0.8382352941176471,2409.3599999999997,5,2434.3599999999997
0.7,0.9180327868852459,0.7567567567567568,0.8296296296296296,4219.04,5,4244.04
0.71,0.9180327868852459,0.7567567567567568,0.8296296296296296,4219.04,5,4244.04
0.72,0.9180327868852459,0.7567567567567568,0.8296296296296296,4219.04,5,4244.04
0.73,0.9180327868852459,0.7567567567567568,0.8296296296296296,4219.04,5,4244.04
0.74,0.9180327868852459,0.7567567567567568,0.8296296296296296,4219.04,5,4244.04
0.75,0.9180327868852459,0.7567567567567568,0.8296296296296296,4219.04,5,4244.04
0.76,0.9166666666666666,0.7432432432432432,0.8208955223880597,4480.91,5,4505.91
0.77,0.9166666666666666,0.7432432432432432,0.8208955223880597,4480.91,5,4505.91
0.78,0.9166666666666666,0.7432432432432432,0.8208955223880597,4480.91,5,4505.91
0.79,0.9166666666666666,0.7432432432432432,0.8208955223880597,4480.91,5,4505.91
0.8,0.9152542372881356,0.7297297297297297,0.8120300751879699,4660.57,5,4685.57
0.81,0.9152542372881356,0.7297297297297297,0.8120300751879699,4660.57,5,4685.57
0.82,0.9152542372881356,0.7297297297297297,0.8120300751879699,4660.57,5,4685.57
0.83,0.9152542372881356,0.7297297297297297,0.8120300751879699,4660.57,5,4685.57
0.84,0.9152542372881356,0.7297297297297297,0.8120300751879699,4660.57,5,4685.57
0.85,0.9137931034482759,0.7162162162162162,0.803030303030303,4661.57,5,4686.57
0.86,0.9137931034482759,0.7162162162162162,0.803030303030303,4661.57,5,4686.57
0.87,0.9464285714285714,0.7162162162162162,0.8153846153846154,4661.57,3,4676.57
0.88,0.9464285714285714,0.7162162162162162,0.8153846153846154,4661.57,3,4676.57
0.89,0.9464285714285714,0.7162162162162162,0.8153846153846154,4661.57,3,4676.57
0.9,0.9464285714285714,0.7162162162162162,0.8153846153846154,4661.57,3,4676.57
0.91,0.9636363636363636,0.7162162162162162,0.8217054263565892,4661.57,2,4671.57
0.92,0.9636363636363636,0.7162162162162162,0.8217054263565892,4661.57,2,4671.57
0.93,0.9636363636363636,0.7162162162162162,0.8217054263565892,4661.57,2,4671.57
0.94,0.9636363636363636,0.7162162162162162,0.8217054263565892,4661.57,2,4671.57
0.95,0.9814814814814815,0.7162162162162162,0.828125,4661.57,1,4666.57
0.96,0.9814814814814815,0.7162162162162162,0.828125,4661.57,1,4666.57
0.97,0.9814814814814815,0.7162162162162162,0.828125,4661.57,1,4666.57
0.98,0.9814814814814815,0.7162162162162162,0.828125,4661.57,1,4666.57
